Month,Revenue,Profit,Growth (%)
2025-01,1003980,261940,
2025-02,2689620,680080,167.89577481623138
2025-03,866830,241590,-67.77128367576088
2025-04,2197360,548400,153.49376463666462
2025-05,2296200,571120,4.498125022754573
2025-06,3194680,833720,39.12899573207908
2025-07,2829410,690450,-11.433696019632645
2025-08,2317000,573060,-18.11013603542788
2025-09,2197920,559200,-5.139404402244285
2025-10,2532440,668820,15.219844216350008
2025-11,958830,271390,-62.13809606545466
2025-12,1166230,302090,21.630528873731535
